<?xml version="1.0" encoding="utf-8"?>
<openerp>
	<data>
	
		<!-- List view -->
		<record id="view_tree_pq_tcc2" model="ir.ui.view">
			<field name="name">view_tree_pq_tcc2</field>
			<field name="model">pq.tcc2</field>
			<field name="arch" type="xml">
				<tree string="Tiêu chí cấp 2" version="7.0" editable="top">
					<field name="name"/>
					<field name="tcc1"></field>
				</tree>
			</field>
		</record>
		
		<!-- Form view -->
		<record id="view_form_pq_tcc2" model="ir.ui.view">
			<field name="name">view_form_pq_tcc2</field>
			<field name="model">pq.tcc2</field>
			<field name="arch" type="xml">
				<form string="Tiêu chí cấp 2" version="7.0">
					<sheet>
						<group colspan="4">
							<field name="name"/>
						</group>
					</sheet>
				</form>
			</field>
		</record>
		
		<!-- Search view -->
		<record id="view_search_pq_tcc2" model="ir.ui.view">
            <field name="name">view_search_pq_tcc2</field>
            <field name="model">pq.tcc2</field>
            <field name="arch" type="xml">
	            <search string="Tiêu chí cấp 2" version="7.0">
					<field name="name"/>
				</search>
            </field>
        </record>
        
        <!-- Actions -->
        <record id="act_pq_tcc2" model="ir.actions.act_window">
            <field name="name">Tiêu chí cấp 2</field>
            <field name="res_model">pq.tcc2</field>
            <field name="view_type">form</field>
            <field name="view_mode">tree</field>
        </record>
	
	</data>
</openerp>