<?xml version="1.0" encoding="utf-8"?>
<openerp>
	<data>
	
		<!-- List view -->
		<record id="view_tree_pq_vi_tri" model="ir.ui.view">
			<field name="name">view_tree_pq_vi_tri</field>
			<field name="model">pq.vi.tri</field>
			<field name="arch" type="xml">
				<tree string="Vị trí" version="7.0" editable="bottom">
					<field name="name"/>
					<field name="bo_phan"></field>
					<field name="nhom_vi_tri"></field>
				</tree>
			</field>
		</record>
		
		<!-- Form view -->
		<record id="view_form_pq_vi_tri" model="ir.ui.view">
			<field name="name">view_form_pq_vi_tri</field>
			<field name="model">pq.vi.tri</field>
			<field name="arch" type="xml">
				<form string="Vị trí" version="7.0">
					<sheet>
						<group colspan="4">
							<field name="name"></field>
							<field name="bo_phan"></field>
							<field name="nhom_vi_tri"></field>
						</group>
					</sheet>
				</form>
			</field>
		</record>
		
		<!-- Search view -->
		<record id="view_search_pq_vi_tri" model="ir.ui.view">
            <field name="name">view_search_pq_vi_tri</field>
            <field name="model">pq.vi.tri</field>
            <field name="arch" type="xml">
	            <search string="Vị trí" version="7.0">
					<field name="name"/>
				</search>
            </field>
        </record>
        
        <!-- Actions -->
        <record id="act_pq_vi_tri" model="ir.actions.act_window">
            <field name="name">Vị trí</field>
            <field name="res_model">pq.vi.tri</field>
            <field name="view_type">form</field>
            <field name="view_mode">tree,form</field>
        </record>
	
	</data>
</openerp>