<?xml version="1.0" encoding="utf-8"?>
<openerp>
	<data>
	
		<!-- List view -->
		<record id="view_tree_pq_yeu_to" model="ir.ui.view">
			<field name="name">view_tree_pq_yeu_to</field>
			<field name="model">pq.yeu.to</field>
			<field name="arch" type="xml">
				<tree string="Yếu tố" version="7.0" editable="bottom">
					<field name="name"/>
				</tree>
			</field>
		</record>
		
		<!-- Form view -->
		<record id="view_form_pq_yeu_to" model="ir.ui.view">
			<field name="name">view_form_pq_yeu_to</field>
			<field name="model">pq.yeu.to</field>
			<field name="arch" type="xml">
				<form string="Yếu tố" version="7.0">
					<sheet>
						<group colspan="4">
							<field name="name"/>
						</group>
						<notebook colspan="4">
							<page string="Tiêu chí đánh giá">
								<field name="tieu_chi">
									<tree string="Tiêu chí" editable="bottom">
	                                    <field name="name"/>
	                               </tree>
								</field>
							</page>	
						</notebook>
					</sheet>
				</form>
			</field>
		</record>
		
		<!-- Search view -->
		<record id="view_search_pq_yeu_to" model="ir.ui.view">
            <field name="name">view_search_pq_yeu_to</field>
            <field name="model">pq.yeu.to</field>
            <field name="arch" type="xml">
	            <search string="Yếu tố" version="7.0">
					<field name="name"/>
				</search>
            </field>
        </record>
        
        <!-- Actions -->
        <record id="act_pq_yeu_to" model="ir.actions.act_window">
            <field name="name">Yếu tố</field>
            <field name="res_model">pq.yeu.to</field>
            <field name="view_type">form</field>
            <field name="view_mode">tree</field>
        </record>
	
	</data>
</openerp>