<?xml version="1.0" encoding="utf-8"?>
<openerp>
	<data>
		
		<menuitem id="menu_salary" name="Salary" sequence="100" />
		
			<menuitem id="menu_salary_salary" name="Thông tin cơ bản" parent="menu_salary" sequence="100" />
			
				<menuitem name="Nhóm vị trí" id="menu_salary_salary_nhom_vi_tri" parent="menu_salary_salary" 
					action="act_pq_nhom_vi_tri" sequence="10"/>
				
				<menuitem name="Yếu tố" id="menu_salary_salary_yeu_to" parent="menu_salary_salary" 
					action="act_pq_yeu_to" sequence="20"/>
					
				<menuitem name="Tiêu chí" id="menu_salary_salary_tieu_chi" parent="menu_salary_salary" 
					action="act_pq_tieu_chi" sequence="30"/>
					
				<menuitem name="Bậc" id="menu_salary_salary_bac" parent="menu_salary_salary" 
					action="act_pq_bac" sequence="40"/>
				
				<!-- <menuitem name="Tiêu chí cấp 1" id="menu_salary_salary_tcc1" parent="menu_salary_salary" 
					action="act_pq_tcc1" sequence="50"/>
				
				<menuitem name="Tiêu chí cấp 2" id="menu_salary_salary_tcc2" parent="menu_salary_salary" 
					action="act_pq_tcc2" sequence="60"/> -->
					
				<menuitem name="Bộ phận" id="menu_salary_salary_bo_phan" parent="menu_salary_salary" 
					action="act_pq_bo_phan" sequence="70"/>
				
				<menuitem name="Vị trí" id="menu_salary_salary_vi_tri" parent="menu_salary_salary" 
					action="act_pq_vi_tri" sequence="80"/>
			
			<menuitem id="menu_salary_process" name="Quy trình tính lương chuẩn" parent="menu_salary" sequence="200" />
				
				<menuitem name="B1 - Tỷ trọng yếu tố đánh giá" id="menu_salary_process_ty_trong_yeu_to" parent="menu_salary_process" 
					action="act_pq_nhom_vi_tri_ty_trong_yeu_to" sequence="10"/>
					
	</data>
</openerp>