<?xml version="1.0" encoding="utf-8"?>
<templates id="template_id" xml:space="preserve">

	<div t-name="pq_salary_w1"></div>
	<div t-name="pq_salary_w1.custom" class="table_container center_all" ng-controller="pq_salary_w1">
		<table>
			<thead>
				<tr>
					<th></th>
					<th ng-repeat="yeu_to in res.yeu_to">{{yeu_to.name}}</th>
					<th>Trọng số</th>
					<th>Tỷ trọng</th>
				</tr>
			</thead>
			<tbody>
				<tr ng-repeat="x in res.yeu_to">
					<td>{{x.name}}</td>
					<td ng-repeat="y in res.yeu_to">
						<div ng-show="check($index, $parent.$index, 'g')">
							<div ng-show="widget.get('effective_readonly')">{{res.data[x.id]['yeu_to'][y.id].trong_so}}</div>
							<div ng-hide="widget.get('effective_readonly')">
								<input class="transparent" type="text" ng-model="res.data[x.id]['yeu_to'][y.id].trong_so" />
							</div>
						</div>
						<div ng-show="check($index, $parent.$index, 'e')">-</div>
						<div ng-show="check($index, $parent.$index, 'l')">{{res.data[x.id]['yeu_to'][y.id].trong_so}}</div>
					</td>
					<td>{{res.data[x.id].trong_so}}</td>
					<td>{{percent(res.data[x.id].ty_trong)}}</td>
				</tr>
			</tbody>
		</table>
	</div>

	<!-- ****** -->
	<div t-name="pq_salary_w2"></div>
	<div t-name="pq_salary_w2.custom" class="table_container center_all" ng-controller="pq_salary_w2">
		<table>
			<thead>
				<tr>
					<th rowspan="2">Yếu tố</th>
					<th rowspan="2">Tỷ trọng</th>
					<th colspan="3">Tiêu chí đánh giá</th>
				</tr>
				<tr>
					<th>Tên</th>
					<th>Trọng số</th>
					<th>Tỷ trọng</th>
				</tr>
			</thead>
			<tbody ng-repeat="yeu_to in res">
				<tr ng-repeat="tieu_chi in yeu_to.tieu_chi">
					<td rowspan="{{length(yeu_to.tieu_chi)}}" ng-show="$index==0">{{yeu_to.name}}</td>
					<td rowspan="{{length(yeu_to.tieu_chi)}}" ng-show="$index==0">{{percent(yeu_to.ty_trong)}}</td>
					<td>{{tieu_chi.name}}</td>
					<td>
						<div ng-show="widget.get('effective_readonly')">{{tieu_chi.trong_so}}</div>
						<div ng-hide="widget.get('effective_readonly')">
							<input class="transparent" type="text" ng-model="tieu_chi.trong_so" />
						</div>
					</td>
					<td>
						<div>{{percent(tieu_chi.ty_trong)}}</div>
					</td>
				</tr>
			</tbody>
		</table>
	</div>

	<!-- ****** -->
	<div t-name="pq_salary_w3"></div>
	<div t-name="pq_salary_w3.custom" class="table_container center_all" ng-controller="pq_salary_w3">
		<table>
			<thead>
				<tr>
					<th rowspan="3">Yếu tố</th>
					<th rowspan="3">Tỷ trọng</th>
					<th colspan="{{2 + res.bac.length}}">Tiêu chí đánh giá</th>
				</tr>
				<tr>
					<th rowspan="2">Tên</th>
					<th rowspan="2">Tỷ trọng</th>
					<th colspan="{{res.bac.length}}">Bậc</th>
				</tr>
				<tr>
					<th ng-repeat="bac in res.bac">{{bac.name}}</th>
				</tr>
			</thead>
			<tbody ng-repeat="yeu_to in res.yeu_to">
				<tr ng-repeat="tieu_chi in yeu_to.tieu_chi">
					<td rowspan="{{length(yeu_to.tieu_chi)}}" ng-show="$index==0">{{yeu_to.name}}</td>
					<td rowspan="{{length(yeu_to.tieu_chi)}}" ng-show="$index==0">{{percent(yeu_to.ty_trong)}}</td>
					<td>{{tieu_chi.name}}</td>
					<td>{{percent(tieu_chi.ty_trong)}}</td>
					<td ng-repeat="bac in res.bac" style="min-width:50px;">
						{{((tieu_chi.bac[bac.id] || {}).ty_trong) || 0}}
					</td>
				</tr>
			</tbody>
		</table>
	</div>

</templates>